date,n,avg_conf,n_heading_in_model,heading_coverage,top1_known_headings,top1,top4,top10,outside_top10,n_top1,n_top4,n_top4_only,top4_known_headings,n_top10,n_top10_only,top10_known_headings,n_outside_top10,review_rate_t0.30,auto_coverage_t0.30,auto_error_rate_t0.30,auto_top4_rescue_t0.30,auto_top10_rescue_t0.30,review_rate_t0.40,auto_coverage_t0.40,auto_error_rate_t0.40,auto_top4_rescue_t0.40,auto_top10_rescue_t0.40,review_rate_t0.50,auto_coverage_t0.50,auto_error_rate_t0.50,auto_top4_rescue_t0.50,auto_top10_rescue_t0.50,review_rate_t0.60,auto_coverage_t0.60,auto_error_rate_t0.60,auto_top4_rescue_t0.60,auto_top10_rescue_t0.60,review_rate_t0.70,auto_coverage_t0.70,auto_error_rate_t0.70,auto_top4_rescue_t0.70,auto_top10_rescue_t0.70
2026-01-13,2595,0.6321649848998512,2577,0.9930635838150289,0.5118354675979822,0.5082851637764932,0.7603082851637765,0.8554913294797688,0.14450867052023122,1319,1973,654,0.7656189367481567,2220,247,0.8614668218859138,375,0.12023121387283237,0.8797687861271676,0.4472185720543145,0.2483574244415243,0.3293911519929917,0.2342967244701349,0.7657032755298652,0.4031202818319074,0.23553095118268746,0.30246602918973325,0.3491329479768786,0.6508670520231213,0.35642391947898167,0.20603907637655416,0.26465364120781526,0.446242774566474,0.553757225433526,0.3242867084203201,0.18789144050104384,0.23869171885873347,0.5495183044315992,0.4504816955684008,0.272027373823781,0.14884516680923868,0.1899059024807528
2026-01-14,198,0.6482568387732361,197,0.9949494949494949,0.6345177664974619,0.6313131313131313,0.8434343434343434,0.9090909090909091,0.09090909090909091,125,167,42,0.8477157360406091,180,13,0.9137055837563451,18,0.15151515151515152,0.8484848484848485,0.2916666666666667,0.19047619047619047,0.23809523809523808,0.2474747474747475,0.7525252525252525,0.2348993288590604,0.1610738255033557,0.18791946308724833,0.32323232323232326,0.6767676767676768,0.1865671641791045,0.12686567164179105,0.1417910447761194,0.4292929292929293,0.5707070707070707,0.12389380530973451,0.09734513274336283,0.09734513274336283,0.5252525252525253,0.47474747474747475,0.07446808510638298,0.05319148936170213,0.05319148936170213
2026-01-15,594,0.6256366859155672,586,0.9865319865319865,0.5767918088737202,0.569023569023569,0.8013468013468014,0.8872053872053872,0.1127946127946128,338,476,138,0.8122866894197952,527,51,0.8993174061433447,67,0.12457912457912458,0.8754208754208754,0.38076923076923075,0.21923076923076923,0.2865384615384615,0.25252525252525254,0.7474747474747475,0.3153153153153153,0.18468468468468469,0.25,0.3552188552188552,0.6447811447811448,0.2845953002610966,0.15926892950391644,0.2193211488250653,0.4797979797979798,0.5202020202020202,0.2524271844660194,0.13268608414239483,0.18122977346278318,0.5841750841750841,0.4158249158249158,0.1902834008097166,0.11740890688259109,0.15384615384615385
2026-01-20,995,0.6515263565670905,983,0.9879396984924623,0.560528992878942,0.5537688442211055,0.8150753768844221,0.8954773869346734,0.10452261306532663,551,811,260,0.8250254323499492,891,80,0.9064089521871821,104,0.10753768844221105,0.892462311557789,0.40540540540540543,0.24549549549549549,0.3186936936936937,0.20603015075376885,0.7939698492462312,0.369620253164557,0.23544303797468355,0.29873417721518986,0.31959798994974875,0.6804020100502512,0.31610044313146235,0.20088626292466766,0.2570162481536189,0.4402010050251256,0.5597989949748744,0.24416517055655296,0.14183123877917414,0.1867145421903052,0.5226130653266332,0.47738693467336685,0.19789473684210526,0.11368421052631579,0.14947368421052631
2026-01-21,351,0.6461742404009881,351,1.0,0.47293447293447294,0.47293447293447294,0.7692307692307693,0.8461538461538461,0.15384615384615385,166,270,104,0.7692307692307693,297,27,0.8461538461538461,54,0.09971509971509972,0.9002849002849003,0.5,0.2879746835443038,0.35443037974683544,0.20512820512820512,0.7948717948717948,0.46236559139784944,0.27598566308243727,0.32974910394265233,0.3561253561253561,0.6438746438746439,0.41150442477876104,0.22566371681415928,0.27876106194690264,0.4672364672364672,0.5327635327635327,0.3582887700534759,0.19786096256684493,0.2192513368983957,0.5384615384615384,0.46153846153846156,0.3271604938271605,0.1728395061728395,0.19135802469135801
2026-01-22,556,0.6732485668747117,551,0.9910071942446043,0.5480943738656987,0.5431654676258992,0.8309352517985612,0.9100719424460432,0.08992805755395683,302,462,160,0.838475499092559,506,44,0.9183303085299456,50,0.08633093525179857,0.9136690647482014,0.4153543307086614,0.2755905511811024,0.34448818897637795,0.17985611510791366,0.8201438848920863,0.3815789473684211,0.26096491228070173,0.31798245614035087,0.27697841726618705,0.7230215827338129,0.3383084577114428,0.23134328358208955,0.2835820895522388,0.39748201438848924,0.6025179856115108,0.2865671641791045,0.1880597014925373,0.2298507462686567,0.4910071942446043,0.5089928057553957,0.2508833922261484,0.15901060070671377,0.20141342756183744
2026-01-27,1071,0.662849105104985,1055,0.9850606909430439,0.4957345971563981,0.488328664799253,0.7338935574229691,0.8487394957983193,0.15126050420168066,523,786,263,0.7450236966824645,909,123,0.861611374407583,162,0.10644257703081232,0.8935574229691877,0.4785788923719958,0.23824451410658307,0.34691745036572624,0.20541549953314658,0.7945845004668534,0.4418331374853114,0.23149236192714454,0.32667450058754405,0.3127917833800187,0.6872082166199813,0.39809782608695654,0.21195652173913043,0.297554347826087,0.415499533146592,0.5845004668534081,0.3514376996805112,0.19488817891373802,0.25559105431309903,0.4976657329598506,0.5023342670401494,0.30297397769516726,0.1654275092936803,0.21933085501858737
2026-01-28,234,0.6745675699068949,232,0.9914529914529915,0.5905172413793104,0.5854700854700855,0.7991452991452992,0.9017094017094017,0.09829059829059829,137,187,50,0.8060344827586207,211,24,0.9094827586206896,23,0.08974358974358974,0.9102564102564102,0.38497652582159625,0.2112676056338028,0.3145539906103286,0.14957264957264957,0.8504273504273504,0.37185929648241206,0.20603015075376885,0.3065326633165829,0.27350427350427353,0.7264957264957265,0.3235294117647059,0.18235294117647058,0.2529411764705882,0.41452991452991456,0.5854700854700855,0.30656934306569344,0.1678832116788321,0.22627737226277372,0.5128205128205128,0.48717948717948717,0.2982456140350877,0.17543859649122806,0.23684210526315788
2026-01-29,472,0.6388481090918688,471,0.9978813559322034,0.5456475583864119,0.5444915254237288,0.7838983050847458,0.8601694915254238,0.13983050847457626,257,370,113,0.7855626326963907,406,36,0.861995753715499,66,0.1292372881355932,0.8707627118644068,0.41605839416058393,0.2384428223844282,0.30413625304136255,0.2605932203389831,0.739406779661017,0.3553008595988539,0.21203438395415472,0.2693409742120344,0.3516949152542373,0.6483050847457628,0.3137254901960784,0.1895424836601307,0.24183006535947713,0.4576271186440678,0.5423728813559322,0.24609375,0.14453125,0.19140625,0.538135593220339,0.461864406779661,0.21100917431192662,0.11467889908256881,0.16055045871559634
2026-02-04,1113,0.658160518972004,1098,0.9865229110512129,0.5601092896174863,0.5525606469002695,0.7726864330637916,0.8679245283018868,0.1320754716981132,615,860,245,0.7832422586520947,966,106,0.8797814207650273,147,0.11949685534591195,0.8805031446540881,0.39285714285714285,0.21326530612244898,0.286734693877551,0.21473495058400718,0.7852650494159928,0.33867276887871856,0.18192219679633867,0.2459954233409611,0.31356693620844567,0.6864330637915543,0.28534031413612565,0.15575916230366493,0.2081151832460733,0.42407906558849956,0.5759209344115005,0.22776911076443057,0.1294851794071763,0.16536661466458658,0.5148247978436657,0.48517520215633425,0.19814814814814816,0.10740740740740741,0.1388888888888889
2026-02-05,451,0.598412235963371,447,0.991130820399113,0.5391498881431768,0.5343680709534369,0.7760532150776053,0.8736141906873615,0.12638580931263857,241,350,109,0.7829977628635347,394,44,0.8814317673378076,57,0.15521064301552107,0.844789356984479,0.3963254593175853,0.2204724409448819,0.30183727034120733,0.29046563192904656,0.7095343680709535,0.334375,0.178125,0.246875,0.4057649667405765,0.5942350332594235,0.2947761194029851,0.16417910447761194,0.22014925373134328,0.5077605321507761,0.49223946784922396,0.24324324324324326,0.12612612612612611,0.18018018018018017,0.5898004434589801,0.41019955654101997,0.20540540540540542,0.11351351351351352,0.14594594594594595
2026-02-10,1184,0.6467773911694216,1169,0.987331081081081,0.5303678357570573,0.5236486486486487,0.722972972972973,0.8141891891891891,0.1858108108108108,620,856,236,0.7322497861420018,964,108,0.8246364414029085,220,0.13766891891891891,0.862331081081081,0.42115572967678744,0.1909892262487757,0.2713026444662096,0.2516891891891892,0.7483108108108109,0.37697516930022573,0.17607223476297967,0.24153498871331827,0.33614864864864863,0.6638513513513513,0.3371501272264631,0.15267175572519084,0.21501272264631044,0.4408783783783784,0.5591216216216216,0.2990936555891239,0.12537764350453173,0.18429003021148035,0.5244932432432432,0.47550675675675674,0.2522202486678508,0.09769094138543517,0.1492007104795737
2026-02-11,395,0.6532796329523943,384,0.9721518987341772,0.4296875,0.4177215189873418,0.6835443037974683,0.7848101265822784,0.21518987341772153,165,270,105,0.703125,310,40,0.8072916666666666,85,0.12151898734177215,0.8784810126582279,0.5273775216138329,0.26512968299711814,0.34870317002881845,0.1949367088607595,0.8050632911392405,0.5062893081761006,0.25471698113207547,0.33647798742138363,0.3037974683544304,0.6962025316455697,0.4727272727272727,0.2545454545454545,0.3381818181818182,0.43544303797468353,0.5645569620253165,0.42152466367713004,0.22869955156950672,0.3004484304932735,0.5316455696202531,0.46835443037974683,0.3783783783783784,0.1891891891891892,0.2648648648648649
2026-02-12,625,0.6299693422436714,616,0.9856,0.5308441558441559,0.5232,0.7376,0.8368,0.1632,327,461,134,0.7483766233766234,523,62,0.849025974025974,102,0.1408,0.8592,0.41527001862197394,0.21042830540037244,0.29981378026070765,0.2336,0.7664,0.37160751565762007,0.18997912317327767,0.27348643006263046,0.3344,0.6656,0.34375,0.1875,0.2620192307692308,0.4688,0.5312,0.32228915662650603,0.1566265060240964,0.2319277108433735,0.56,0.44,0.28,0.12727272727272726,0.20727272727272728
2026-02-17,1173,0.6405494442401741,1157,0.9863597612958227,0.44165946413137425,0.4356351236146633,0.6973572037510657,0.803921568627451,0.19607843137254902,511,818,307,0.7070008643042351,943,125,0.8150388936905791,230,0.1517476555839727,0.8482523444160273,0.5105527638190954,0.2663316582914573,0.35376884422110555,0.24040920716112532,0.7595907928388747,0.4769921436588103,0.244668911335578,0.3254769921436588,0.3452685421994885,0.6547314578005116,0.4361979166666667,0.22786458333333334,0.29296875,0.4458653026427962,0.5541346973572038,0.3892307692307692,0.18307692307692308,0.24461538461538462,0.5311167945439045,0.46888320545609546,0.3418181818181818,0.16363636363636364,0.21454545454545454
2026-02-18,311,0.7198437600848759,311,1.0,0.6720257234726688,0.6720257234726688,0.8488745980707395,0.8906752411575563,0.10932475884244373,209,264,55,0.8488745980707395,277,13,0.8906752411575563,34,0.1157556270096463,0.8842443729903537,0.26181818181818184,0.1709090909090909,0.19272727272727272,0.1864951768488746,0.8135048231511254,0.22134387351778656,0.1541501976284585,0.16600790513833993,0.24758842443729903,0.752411575562701,0.18803418803418803,0.13247863247863248,0.13675213675213677,0.31511254019292606,0.684887459807074,0.15492957746478872,0.10328638497652583,0.107981220657277,0.37942122186495175,0.6205787781350482,0.11398963730569948,0.07772020725388601,0.07772020725388601
2026-02-19,692,0.6322062636451052,689,0.9956647398843931,0.5108853410740203,0.5086705202312138,0.7658959537572254,0.8815028901734104,0.11849710982658959,352,530,178,0.7692307692307693,610,80,0.8853410740203193,82,0.13583815028901733,0.8641618497109826,0.43645484949832775,0.2508361204013378,0.3394648829431438,0.24132947976878613,0.7586705202312138,0.38666666666666666,0.21333333333333335,0.29904761904761906,0.3569364161849711,0.6430635838150289,0.3235955056179775,0.1797752808988764,0.24719101123595505,0.45664739884393063,0.5433526011560693,0.2632978723404255,0.14361702127659576,0.20212765957446807,0.5404624277456648,0.4595375722543353,0.2169811320754717,0.11320754716981132,0.16037735849056603
2026-02-24,1046,0.62782259494864,1043,0.997131931166348,0.4841802492809204,0.48279158699808794,0.7447418738049714,0.8604206500956023,0.13957934990439771,505,779,274,0.7468839884947267,900,121,0.862895493767977,146,0.12715105162523901,0.872848948374761,0.47535596933187296,0.2508214676889376,0.35706462212486306,0.2294455066921606,0.7705544933078394,0.43672456575682383,0.23821339950372208,0.3325062034739454,0.36424474187380496,0.635755258126195,0.39849624060150374,0.21353383458646616,0.3022556390977444,0.4751434034416826,0.5248565965583174,0.3551912568306011,0.18579234972677597,0.2568306010928962,0.5621414913957935,0.4378585086042065,0.2925764192139738,0.13973799126637554,0.2074235807860262
2026-02-25,288,0.6598749418432514,281,0.9756944444444444,0.501779359430605,0.4895833333333333,0.7326388888888888,0.8229166666666666,0.17708333333333334,141,211,70,0.7508896797153025,237,26,0.8434163701067615,51,0.13541666666666666,0.8645833333333334,0.4457831325301205,0.24497991967871485,0.30522088353413657,0.20833333333333334,0.7916666666666666,0.40789473684210525,0.23684210526315788,0.2850877192982456,0.2881944444444444,0.7118055555555556,0.3902439024390244,0.24390243902439024,0.28780487804878047,0.3784722222222222,0.6215277777777778,0.3463687150837989,0.24022346368715083,0.27932960893854747,0.5104166666666666,0.4895833333333333,0.2907801418439716,0.19858156028368795,0.23404255319148937
2026-02-26,664,0.629608081204884,659,0.9924698795180723,0.5220030349013657,0.5180722891566265,0.7635542168674698,0.858433734939759,0.14156626506024098,344,507,163,0.7693474962063733,570,63,0.8649468892261002,94,0.13704819277108435,0.8629518072289156,0.43106457242582896,0.2356020942408377,0.3158813263525305,0.23644578313253012,0.7635542168674698,0.40039447731755423,0.22485207100591717,0.2978303747534517,0.35542168674698793,0.6445783132530121,0.35514018691588783,0.1985981308411215,0.2616822429906542,0.4623493975903614,0.5376506024096386,0.3165266106442577,0.17086834733893558,0.22969187675070027,0.5617469879518072,0.4382530120481928,0.2646048109965636,0.14432989690721648,0.19243986254295534
2026-03-03,907,0.6392230479480019,899,0.9911797133406836,0.47052280311457173,0.4663726571113561,0.75303197353914,0.8434399117971334,0.1565600882028666,423,683,260,0.7597330367074527,765,82,0.8509454949944383,142,0.14002205071664828,0.8599779492833517,0.48205128205128206,0.28717948717948716,0.36538461538461536,0.23814773980154355,0.7618522601984564,0.44573082489146165,0.27206946454413894,0.35021707670043417,0.3539140022050717,0.6460859977949284,0.40102389078498296,0.2525597269624573,0.3225255972696246,0.4564498346196251,0.5435501653803748,0.3448275862068966,0.20081135902636918,0.2616632860040568,0.5479603087100331,0.4520396912899669,0.28536585365853656,0.15853658536585366,0.2073170731707317
2026-03-04,359,0.6237727417026888,352,0.9805013927576601,0.5227272727272727,0.5125348189415042,0.7715877437325905,0.8523676880222841,0.14763231197771587,184,277,93,0.7869318181818182,306,29,0.8693181818181818,53,0.18384401114206128,0.8161559888579387,0.4129692832764505,0.2696245733788396,0.31399317406143346,0.2590529247910863,0.7409470752089137,0.39473684210526316,0.2518796992481203,0.29699248120300753,0.3565459610027855,0.6434540389972145,0.3593073593073593,0.22510822510822512,0.2597402597402597,0.4735376044568245,0.5264623955431755,0.328042328042328,0.20105820105820105,0.23809523809523808,0.5682451253481894,0.43175487465181056,0.3032258064516129,0.1870967741935484,0.22580645161290322
2026-03-05,611,0.6145716505750112,609,0.9967266775777414,0.458128078817734,0.45662847790507366,0.7659574468085106,0.8739770867430442,0.1260229132569558,279,468,189,0.7684729064039408,534,66,0.8768472906403941,77,0.14893617021276595,0.851063829787234,0.4826923076923077,0.2980769230769231,0.3923076923076923,0.23731587561374795,0.762684124386252,0.4570815450643777,0.2854077253218884,0.3776824034334764,0.37970540098199673,0.6202945990180033,0.40897097625329815,0.24802110817941952,0.32189973614775724,0.4877250409165303,0.5122749590834698,0.35782747603833864,0.2108626198083067,0.28434504792332266,0.5842880523731587,0.4157119476268412,0.30708661417322836,0.15748031496062992,0.2283464566929134
2026-03-18,2314,0.6334864836276325,2294,0.9913569576490925,0.523539668700959,0.5190146931719966,0.7489196197061365,0.8465859982713916,0.15341400172860847,1201,1733,532,0.7554489973844812,1959,226,0.8539668700959023,355,0.1495246326707001,0.8504753673293,0.4181910569105691,0.21646341463414634,0.29573170731707316,0.23768366464995677,0.7623163353500432,0.3866213151927438,0.20578231292517007,0.2789115646258503,0.34788245462402767,0.6521175453759723,0.34791252485089463,0.1901921802518224,0.25182239893969516,0.4520311149524633,0.5479688850475367,0.29337539432176657,0.1608832807570978,0.21214511041009465,0.5419187554019015,0.4580812445980985,0.2622641509433962,0.14339622641509434,0.18962264150943398
2026-03-19,524,0.6161236021781468,514,0.9809160305343512,0.5350194552529183,0.5248091603053435,0.7862595419847328,0.8683206106870229,0.1316793893129771,275,412,137,0.8015564202334631,455,43,0.8852140077821011,69,0.15839694656488548,0.8416030534351145,0.42630385487528344,0.26077097505668934,0.3242630385487528,0.28053435114503816,0.7194656488549618,0.3740053050397878,0.23872679045092837,0.29708222811671087,0.383587786259542,0.6164122137404581,0.34055727554179566,0.24148606811145512,0.28792569659442724,0.45038167938931295,0.549618320610687,0.3194444444444444,0.22916666666666666,0.2708333333333333,0.5648854961832062,0.4351145038167939,0.2982456140350877,0.21929824561403508,0.2543859649122807
2026-03-24,918,0.6586218247096782,863,0.9400871459694989,0.5538818076477404,0.5206971677559913,0.7766884531590414,0.8376906318082789,0.16230936819172112,478,713,235,0.8261877172653534,769,56,0.8910776361529548,149,0.11546840958605664,0.8845315904139434,0.4396551724137931,0.25,0.29926108374384236,0.21459694989106753,0.7854030501089324,0.40499306518723993,0.22330097087378642,0.26490984743411927,0.3355119825708061,0.664488017429194,0.3557377049180328,0.18524590163934426,0.21639344262295082,0.4074074074074074,0.5925925925925926,0.33088235294117646,0.15808823529411764,0.18566176470588236,0.4793028322440087,0.5206971677559913,0.3158995815899582,0.14225941422594143,0.16108786610878661
2026-03-25,469,0.6931262858577375,464,0.9893390191897654,0.6142241379310345,0.6076759061833689,0.7782515991471215,0.8550106609808102,0.14498933901918976,285,365,80,0.7866379310344828,401,36,0.8642241379310345,68,0.10660980810234541,0.8933901918976546,0.3460620525059666,0.1431980906921241,0.21479713603818615,0.18550106609808104,0.814498933901919,0.306282722513089,0.13350785340314136,0.18848167539267016,0.2899786780383795,0.7100213219616205,0.25225225225225223,0.10510510510510511,0.15615615615615616,0.35607675906183367,0.6439232409381663,0.23841059602649006,0.09933774834437085,0.1456953642384106,0.42217484008528783,0.5778251599147122,0.2066420664206642,0.08856088560885608,0.12915129151291513
2026-03-26,526,0.5728729586099264,523,0.9942965779467681,0.44550669216061184,0.4429657794676806,0.7357414448669202,0.8498098859315589,0.15019011406844107,233,387,154,0.739961759082218,447,60,0.8546845124282982,79,0.17300380228136883,0.8269961977186312,0.49885057471264366,0.30114942528735633,0.39080459770114945,0.2946768060836502,0.7053231939163498,0.4636118598382749,0.29110512129380056,0.3719676549865229,0.44106463878326996,0.55893536121673,0.41496598639455784,0.24489795918367346,0.3333333333333333,0.5551330798479087,0.4448669201520912,0.3717948717948718,0.20512820512820512,0.2948717948717949,0.6634980988593155,0.3365019011406844,0.327683615819209,0.1864406779661017,0.2768361581920904
2026-04-14,3275,0.6345696812128747,3236,0.9880916030534351,0.4969097651421508,0.4909923664122137,0.7267175572519083,0.8235114503816794,0.1764885496183206,1608,2380,772,0.7354758961681088,2697,317,0.8334363411619283,578,0.1282442748091603,0.8717557251908397,0.461646234676007,0.2318739054290718,0.3145359019264448,0.23083969465648854,0.7691603053435114,0.4279475982532751,0.21238586740770146,0.29217943628423976,0.347175572519084,0.6528244274809161,0.3793264733395697,0.18849391955098221,0.2591206735266604,0.4485496183206107,0.5514503816793893,0.33554817275747506,0.16223698781838317,0.22425249169435216,0.5425954198473283,0.45740458015267177,0.287716955941255,0.130173564753004,0.1822429906542056
2026-04-15,290,0.6800972749960834,286,0.9862068965517241,0.548951048951049,0.5413793103448276,0.7551724137931034,0.8551724137931035,0.14482758620689656,157,219,62,0.7657342657342657,248,29,0.8671328671328671,42,0.1482758620689655,0.8517241379310345,0.3765182186234818,0.1700404858299595,0.2631578947368421,0.20689655172413793,0.7931034482758621,0.36086956521739133,0.16521739130434782,0.2565217391304348,0.32068965517241377,0.6793103448275862,0.2893401015228426,0.13705583756345177,0.20812182741116753,0.3758620689655172,0.6241379310344828,0.23204419889502761,0.09944751381215469,0.1712707182320442,0.45517241379310347,0.5448275862068965,0.20253164556962025,0.0949367088607595,0.15822784810126583
2026-04-16,309,0.6122708469147049,303,0.9805825242718447,0.528052805280528,0.517799352750809,0.7799352750809061,0.8511326860841424,0.1488673139158576,160,241,81,0.7953795379537953,263,22,0.8679867986798679,46,0.12944983818770225,0.8705501618122977,0.4349442379182156,0.24907063197026022,0.30111524163568776,0.24919093851132687,0.7508090614886731,0.38362068965517243,0.21982758620689655,0.2672413793103448,0.37216828478964403,0.627831715210356,0.3247422680412371,0.19072164948453607,0.2268041237113402,0.47572815533980584,0.5242718446601942,0.2777777777777778,0.14814814814814814,0.17901234567901234,0.5792880258899676,0.42071197411003236,0.2692307692307692,0.13846153846153847,0.17692307692307693
2026-04-21,852,0.6431035910921058,848,0.9953051643192489,0.5153301886792453,0.5129107981220657,0.7429577464788732,0.8556338028169014,0.1443661971830986,437,633,196,0.7464622641509434,729,96,0.8596698113207547,123,0.12089201877934272,0.8791079812206573,0.4379172229639519,0.22563417890520696,0.3177570093457944,0.2112676056338028,0.7887323943661971,0.40029761904761907,0.22172619047619047,0.2961309523809524,0.3286384976525822,0.6713615023474179,0.35664335664335667,0.20104895104895104,0.26223776223776224,0.44366197183098594,0.5563380281690141,0.2974683544303797,0.17088607594936708,0.21940928270042195,0.5422535211267606,0.45774647887323944,0.24871794871794872,0.12564102564102564,0.17435897435897435
2026-04-22,264,0.7048325693855683,264,1.0,0.6515151515151515,0.6515151515151515,0.821969696969697,0.9128787878787878,0.08712121212121213,172,217,45,0.821969696969697,241,24,0.9128787878787878,23,0.09848484848484848,0.9015151515151515,0.31092436974789917,0.18487394957983194,0.24369747899159663,0.17045454545454544,0.8295454545454546,0.2785388127853881,0.1598173515981735,0.2146118721461187,0.24621212121212122,0.7537878787878788,0.23115577889447236,0.12562814070351758,0.18090452261306533,0.32575757575757575,0.6742424242424242,0.1797752808988764,0.0898876404494382,0.14606741573033707,0.4166666666666667,0.5833333333333334,0.12337662337662338,0.07142857142857142,0.11038961038961038
2026-04-23,585,0.6475533032264464,578,0.9880341880341881,0.5847750865051903,0.5777777777777777,0.7931623931623931,0.8905982905982905,0.1094017094017094,338,464,126,0.8027681660899654,521,57,0.9013840830449827,64,0.13504273504273503,0.864957264957265,0.36363636363636365,0.1857707509881423,0.2766798418972332,0.24444444444444444,0.7555555555555555,0.31221719457013575,0.15610859728506787,0.22624434389140272,0.3435897435897436,0.6564102564102564,0.25,0.12760416666666666,0.17708333333333334,0.4307692307692308,0.5692307692307692,0.2042042042042042,0.11711711711711711,0.15015015015015015,0.5367521367521367,0.46324786324786327,0.15129151291512916,0.08856088560885608,0.11070110701107011
2026-04-28,1237,0.6213450357137231,1234,0.9975747776879548,0.39222042139384117,0.39126919967663704,0.6734033953112368,0.7809215844785772,0.2190784155214228,484,833,349,0.6750405186385737,966,133,0.7828200972447326,271,0.13419563459983833,0.8658043654001617,0.5676937441643324,0.26704014939309056,0.36881419234360413,0.25949878738884397,0.740501212611156,0.5338427947598253,0.25436681222707425,0.34388646288209607,0.3718674211802749,0.6281325788197252,0.5019305019305019,0.24195624195624196,0.31402831402831405,0.46806790622473726,0.5319320937752627,0.47112462006079026,0.23100303951367782,0.28419452887537994,0.555375909458367,0.444624090541633,0.42363636363636364,0.18727272727272729,0.2381818181818182
2026-04-29,316,0.546014553690447,314,0.9936708860759493,0.4171974522292994,0.41455696202531644,0.6645569620253164,0.7816455696202531,0.21835443037974683,131,210,79,0.6687898089171974,247,37,0.7866242038216561,69,0.2468354430379747,0.7531645569620253,0.47478991596638653,0.2605042016806723,0.35714285714285715,0.34177215189873417,0.6582278481012658,0.4423076923076923,0.23557692307692307,0.3173076923076923,0.47151898734177217,0.5284810126582279,0.38323353293413176,0.2215568862275449,0.31137724550898205,0.5917721518987342,0.40822784810126583,0.3178294573643411,0.15503875968992248,0.2558139534883721,0.6487341772151899,0.3512658227848101,0.27927927927927926,0.11711711711711711,0.21621621621621623
2026-04-30,471,0.600212066100155,470,0.9978768577494692,0.44893617021276594,0.44798301486199577,0.7303609341825902,0.8492569002123143,0.15074309978768577,211,344,133,0.7319148936170212,400,56,0.851063829787234,71,0.14437367303609341,0.8556263269639066,0.5012406947890818,0.2630272952853598,0.3746898263027295,0.2823779193205945,0.7176220806794055,0.4526627218934911,0.2455621301775148,0.34023668639053256,0.39490445859872614,0.6050955414012739,0.42105263157894735,0.23508771929824562,0.3263157894736842,0.5392781316348195,0.4607218683651805,0.35944700460829493,0.21658986175115208,0.2764976958525346,0.6114649681528662,0.3885350318471338,0.3333333333333333,0.18579234972677597,0.25136612021857924
2026-05-06,1264,0.6002903943645614,1258,0.995253164556962,0.43084260731319557,0.4287974683544304,0.6962025316455697,0.8362341772151899,0.16376582278481014,542,880,338,0.699523052464229,1057,177,0.8402225755166932,207,0.15585443037974683,0.8441455696202531,0.5173383317713215,0.2736644798500469,0.3908153701968135,0.27689873417721517,0.7231012658227848,0.47921225382932164,0.2614879649890591,0.36542669584245074,0.39794303797468356,0.6020569620253164,0.4283837056504599,0.2352168199737188,0.32588699080157685,0.5126582278481012,0.4873417721518987,0.38311688311688313,0.2077922077922078,0.29383116883116883,0.6147151898734177,0.3852848101265823,0.3264887063655031,0.188911704312115,0.25256673511293637
2026-05-07,600,0.6344723952685793,591,0.985,0.428087986463621,0.4216666666666667,0.7366666666666667,0.8566666666666667,0.14333333333333334,253,442,189,0.7478849407783418,514,72,0.8697123519458545,86,0.12833333333333333,0.8716666666666667,0.5315487571701721,0.30975143403441685,0.4225621414913958,0.25333333333333335,0.7466666666666667,0.48214285714285715,0.29910714285714285,0.38392857142857145,0.3566666666666667,0.6433333333333333,0.4533678756476684,0.27979274611398963,0.35751295336787564,0.455,0.545,0.40061162079510704,0.2324159021406728,0.3119266055045872,0.5566666666666666,0.44333333333333336,0.34962406015037595,0.23684210526315788,0.3007518796992481
2026-05-12,1172,0.614660136598725,1167,0.9957337883959044,0.5021422450728363,0.5,0.7261092150170648,0.8626279863481229,0.13737201365187712,586,851,265,0.7292202227934875,1011,160,0.8663239074550129,161,0.16638225255972697,0.8336177474402731,0.43398157625383826,0.2128966223132037,0.3367451381780962,0.2832764505119454,0.7167235494880546,0.3773809523809524,0.19523809523809524,0.2976190476190476,0.38993174061433444,0.6100682593856656,0.3202797202797203,0.15664335664335666,0.2517482517482518,0.4863481228668942,0.5136518771331058,0.2807308970099668,0.13953488372093023,0.22093023255813954,0.5708191126279863,0.42918088737201365,0.21669980119284293,0.10536779324055666,0.16898608349900596
2026-05-13,281,0.6034104015638395,275,0.9786476868327402,0.41818181818181815,0.4092526690391459,0.6476868327402135,0.7686832740213523,0.2313167259786477,115,182,67,0.6618181818181819,216,34,0.7854545454545454,65,0.17793594306049823,0.8220640569395018,0.5238095238095238,0.24242424242424243,0.3722943722943723,0.2918149466192171,0.708185053380783,0.457286432160804,0.21608040201005024,0.32663316582914576,0.4092526690391459,0.5907473309608541,0.41566265060240964,0.20481927710843373,0.30120481927710846,0.49466192170818507,0.505338078291815,0.352112676056338,0.176056338028169,0.24647887323943662,0.5836298932384342,0.41637010676156583,0.3162393162393162,0.1623931623931624,0.21367521367521367
2026-05-14,801,0.5949082579300943,796,0.9937578027465668,0.39321608040201006,0.39076154806491886,0.6629213483146067,0.7815230961298377,0.2184769038701623,313,531,218,0.6670854271356784,626,95,0.7864321608040201,175,0.15355805243445692,0.846441947565543,0.5678466076696165,0.2743362831858407,0.3805309734513274,0.2784019975031211,0.7215980024968789,0.5311418685121108,0.2577854671280277,0.3685121107266436,0.4069912609238452,0.5930087390761548,0.47578947368421054,0.2294736842105263,0.3263157894736842,0.5280898876404494,0.47191011235955055,0.41005291005291006,0.21957671957671956,0.29365079365079366,0.6242197253433208,0.3757802746566791,0.3554817275747508,0.1893687707641196,0.26245847176079734
2026-05-19,1267,0.6206546522994492,1244,0.9818468823993686,0.4790996784565916,0.47040252565114443,0.7087608524072613,0.846093133385951,0.15390686661404893,596,898,302,0.7218649517684887,1072,174,0.8617363344051447,195,0.15706393054459353,0.8429360694554064,0.4606741573033708,0.2303370786516854,0.350187265917603,0.27940015785319655,0.7205998421468035,0.411829134720701,0.21358159912376778,0.312157721796276,0.3835832675611681,0.6164167324388319,0.35723431498079383,0.1946222791293214,0.2740076824583867,0.46724546172059983,0.5327545382794001,0.32,0.1837037037037037,0.2548148148148148,0.5611681136543015,0.4388318863456985,0.2841726618705036,0.17086330935251798,0.2302158273381295
2026-05-20,339,0.6221101560951334,338,0.9970501474926253,0.4289940828402367,0.4277286135693215,0.7079646017699115,0.8023598820058997,0.1976401179941003,145,240,95,0.7100591715976331,272,32,0.8047337278106509,67,0.14454277286135694,0.855457227138643,0.5482758620689655,0.296551724137931,0.3793103448275862,0.25073746312684364,0.7492625368731564,0.5118110236220472,0.28346456692913385,0.3543307086614173,0.3421828908554572,0.6578171091445427,0.4798206278026906,0.27802690582959644,0.34080717488789236,0.45427728613569324,0.5457227138643068,0.43243243243243246,0.2648648648648649,0.33513513513513515,0.5752212389380531,0.4247787610619469,0.3611111111111111,0.2013888888888889,0.2569444444444444
2026-05-21,395,0.5607673143284231,393,0.9949367088607595,0.5038167938931297,0.5012658227848101,0.789873417721519,0.8886075949367088,0.11139240506329114,198,312,114,0.7938931297709924,351,39,0.8931297709923665,44,0.17721518987341772,0.8227848101265823,0.4369230769230769,0.27692307692307694,0.35384615384615387,0.3341772151898734,0.6658227848101266,0.3916349809885932,0.24714828897338403,0.311787072243346,0.46582278481012657,0.5341772151898734,0.3127962085308057,0.18009478672985782,0.23696682464454977,0.589873417721519,0.41012658227848103,0.2716049382716049,0.16666666666666666,0.21604938271604937,0.6734177215189874,0.3265822784810127,0.23255813953488372,0.12403100775193798,0.18604651162790697
2026-05-26,1428,0.6389844170001959,1415,0.9908963585434174,0.5300353356890459,0.5252100840336135,0.761204481792717,0.8494397759103641,0.15056022408963585,750,1087,337,0.7681978798586573,1213,126,0.8572438162544169,215,0.12254901960784313,0.8774509803921569,0.42936951316839583,0.2306464485235435,0.31045490822027133,0.24649859943977592,0.7535014005602241,0.3763940520446097,0.19888475836431227,0.2695167286245353,0.35294117647058826,0.6470588235294118,0.3300865800865801,0.18073593073593072,0.24458874458874458,0.4481792717086835,0.5518207282913166,0.2893401015228426,0.15736040609137056,0.21446700507614214,0.542016806722689,0.4579831932773109,0.2324159021406728,0.12691131498470948,0.1636085626911315
2026-05-27,304,0.6428595053424176,304,1.0,0.5361842105263158,0.5361842105263158,0.7763157894736842,0.8782894736842105,0.12171052631578948,163,236,73,0.7763157894736842,267,31,0.8782894736842105,37,0.13815789473684212,0.8618421052631579,0.4198473282442748,0.2366412213740458,0.32061068702290074,0.23355263157894737,0.7664473684210527,0.3905579399141631,0.2317596566523605,0.3133047210300429,0.3519736842105263,0.6480263157894737,0.34517766497461927,0.18781725888324874,0.26903553299492383,0.4506578947368421,0.5493421052631579,0.31736526946107785,0.16766467065868262,0.24550898203592814,0.5493421052631579,0.4506578947368421,0.24817518248175183,0.13138686131386862,0.17518248175182483
2026-05-28,760,0.6434115426908983,740,0.9736842105263158,0.5054054054054054,0.4921052631578947,0.7236842105263158,0.8421052631578947,0.15789473684210525,374,550,176,0.7432432432432432,640,90,0.8648648648648649,120,0.11973684210526316,0.8802631578947369,0.4678624813153961,0.2257100149476831,0.336322869955157,0.24868421052631579,0.7513157894736842,0.4185639229422067,0.1978984238178634,0.29597197898423816,0.3539473684210526,0.6460526315789473,0.37678207739307534,0.1710794297352342,0.2484725050916497,0.4473684210526316,0.5526315789473685,0.32142857142857145,0.14047619047619048,0.20476190476190476,0.5526315789473685,0.4473684210526316,0.2529411764705882,0.09117647058823529,0.1323529411764706
2026-06-09,2439,0.6207927651443702,2418,0.991389913899139,0.44830438378825477,0.4444444444444444,0.7162771627716277,0.8347683476834769,0.16523165231652318,1084,1747,663,0.7224979321753515,2036,289,0.8420181968569065,403,0.13038130381303814,0.8696186961869619,0.5176803394625177,0.27204148986327203,0.3771805752003772,0.24477244772447723,0.7552275522755227,0.4809989142236699,0.25950054288816504,0.3566775244299674,0.36490364903649036,0.6350963509635096,0.4396384764364106,0.24144609425435765,0.3279535183989671,0.4825748257482575,0.5174251742517425,0.4041204437400951,0.22345483359746435,0.30269413629160064,0.5850758507585075,0.4149241492414924,0.3685770750988142,0.20454545454545456,0.274703557312253
2026-06-10,283,0.6353711233912003,258,0.911660777385159,0.5116279069767442,0.4664310954063604,0.6784452296819788,0.7632508833922261,0.23674911660777384,132,192,60,0.7441860465116279,216,24,0.8372093023255814,67,0.2049469964664311,0.7950530035335689,0.4222222222222222,0.22666666666666666,0.29333333333333333,0.2862190812720848,0.7137809187279152,0.37623762376237624,0.2079207920792079,0.2722772277227723,0.36042402826855124,0.6395759717314488,0.3314917127071823,0.19337016574585636,0.2430939226519337,0.43109540636042404,0.568904593639576,0.2981366459627329,0.17391304347826086,0.21739130434782608,0.5017667844522968,0.49823321554770317,0.2624113475177305,0.14184397163120568,0.18439716312056736
2026-06-11,374,0.6350163861631072,368,0.983957219251337,0.48641304347826086,0.4786096256684492,0.7379679144385026,0.8181818181818182,0.18181818181818182,179,276,97,0.75,306,30,0.8315217391304348,68,0.13903743315508021,0.8609625668449198,0.45962732919254656,0.2515527950310559,0.3167701863354037,0.22459893048128343,0.7754010695187166,0.42758620689655175,0.23793103448275862,0.29310344827586204,0.3449197860962567,0.6550802139037433,0.40408163265306124,0.22040816326530613,0.2816326530612245,0.4786096256684492,0.5213903743315508,0.31794871794871793,0.17435897435897435,0.2153846153846154,0.5668449197860963,0.43315508021390375,0.30246913580246915,0.16049382716049382,0.19135802469135801
2026-06-16,971,0.6447817517020552,968,0.9969104016477858,0.5092975206611571,0.5077239958805355,0.7703398558187435,0.8681771369721936,0.13182286302780638,493,748,255,0.7727272727272727,843,95,0.8708677685950413,128,0.12770339855818744,0.8722966014418125,0.4427390791027155,0.2585596221959858,0.33766233766233766,0.2255406797116375,0.7744593202883625,0.40558510638297873,0.24069148936170212,0.31382978723404253,0.33264675592173015,0.6673532440782698,0.37808641975308643,0.22376543209876543,0.29012345679012347,0.4212152420185376,0.5787847579814624,0.34341637010676157,0.21352313167259787,0.27580071174377224,0.5262615859938208,0.4737384140061792,0.31521739130434784,0.1934782608695652,0.24782608695652175
2026-06-17,245,0.6311058560196234,245,1.0,0.4816326530612245,0.4816326530612245,0.7224489795918367,0.8163265306122449,0.1836734693877551,118,177,59,0.7224489795918367,200,23,0.8163265306122449,45,0.15510204081632653,0.8448979591836735,0.4396135265700483,0.2318840579710145,0.30917874396135264,0.2571428571428571,0.7428571428571429,0.3901098901098901,0.2032967032967033,0.26373626373626374,0.37551020408163266,0.6244897959183674,0.32679738562091504,0.13725490196078433,0.1895424836601307,0.46938775510204084,0.5306122448979592,0.25384615384615383,0.13076923076923078,0.17692307692307693,0.5510204081632653,0.4489795918367347,0.21818181818181817,0.09090909090909091,0.12727272727272726
2026-06-18,557,0.6089800364560242,547,0.9820466786355476,0.48628884826325414,0.47755834829443444,0.7324955116696589,0.8581687612208259,0.14183123877917414,266,408,142,0.7458866544789763,478,70,0.8738574040219378,79,0.14183123877917414,0.8581687612208259,0.4665271966527197,0.2384937238493724,0.3472803347280335,0.29443447037701975,0.7055655296229802,0.39185750636132316,0.22646310432569974,0.3104325699745547,0.4111310592459605,0.5888689407540395,0.3170731707317073,0.1798780487804878,0.25609756097560976,0.5116696588868941,0.4883303411131059,0.23161764705882354,0.12867647058823528,0.1801470588235294,0.59245960502693,0.40754039497307004,0.1762114537444934,0.10572687224669604,0.13656387665198239
2026-06-23,951,0.649861018634651,944,0.9926393270241851,0.5074152542372882,0.5036803364879074,0.7728706624605678,0.8801261829652997,0.11987381703470032,479,735,256,0.7786016949152542,837,102,0.8866525423728814,114,0.12513144058885384,0.8748685594111462,0.453125,0.26322115384615385,0.35336538461538464,0.22187171398527866,0.7781282860147214,0.41216216216216217,0.24054054054054055,0.3256756756756757,0.33543638275499477,0.6645636172450052,0.3528481012658228,0.19936708860759494,0.27848101265822783,0.4237644584647739,0.576235541535226,0.3156934306569343,0.17883211678832117,0.2518248175182482,0.5036803364879074,0.49631966351209256,0.2838983050847458,0.1673728813559322,0.23728813559322035
2026-06-24,283,0.6852179653021135,282,0.9964664310954063,0.5141843971631206,0.5123674911660777,0.784452296819788,0.8480565371024735,0.1519434628975265,145,222,77,0.7872340425531915,240,18,0.851063829787234,43,0.07773851590106007,0.9222614840989399,0.45977011494252873,0.2681992337164751,0.31800766283524906,0.19081272084805653,0.8091872791519434,0.39737991266375544,0.24890829694323144,0.2838427947598253,0.2826855123674912,0.7173144876325088,0.3694581280788177,0.2315270935960591,0.26108374384236455,0.35335689045936397,0.6466431095406361,0.3442622950819672,0.22950819672131148,0.2459016393442623,0.44876325088339225,0.5512367491166078,0.33974358974358976,0.23717948717948717,0.25
2026-06-25,559,0.6307706355995271,551,0.9856887298747764,0.5226860254083484,0.5152057245080501,0.774597495527728,0.8622540250447227,0.13774597495527727,288,433,145,0.7858439201451906,482,49,0.8747731397459165,77,0.13237924865831843,0.8676207513416816,0.4288659793814433,0.2515463917525773,0.3154639175257732,0.23792486583184258,0.7620751341681574,0.3779342723004695,0.215962441314554,0.28169014084507044,0.3559928443649374,0.6440071556350626,0.3194444444444444,0.18333333333333332,0.24722222222222223,0.4561717352415027,0.5438282647584973,0.2894736842105263,0.15789473684210525,0.22039473684210525,0.5474060822898033,0.4525939177101968,0.25691699604743085,0.13043478260869565,0.18972332015810275
2026-06-30,906,0.626778105228613,897,0.9900662251655629,0.5373467112597548,0.5320088300220751,0.7781456953642384,0.8741721854304636,0.12582781456953643,482,705,223,0.7859531772575251,792,87,0.882943143812709,114,0.1534216335540839,0.8465783664459161,0.4302477183833116,0.2438070404172099,0.32985658409387225,0.2847682119205298,0.7152317880794702,0.3734567901234568,0.22376543209876543,0.2962962962962963,0.3830022075055188,0.6169977924944813,0.3184257602862254,0.18604651162790697,0.24508050089445438,0.46467991169977924,0.5353200883002207,0.27835051546391754,0.16288659793814433,0.21855670103092784,0.5441501103752759,0.45584988962472406,0.21549636803874092,0.1234866828087167,0.17433414043583534
2026-07-01,353,0.5864995982677336,353,1.0,0.43059490084985835,0.43059490084985835,0.6685552407932012,0.773371104815864,0.22662889518413598,152,236,84,0.6685552407932012,273,37,0.773371104815864,80,0.1954674220963173,0.8045325779036827,0.5176056338028169,0.22887323943661972,0.3274647887323944,0.3059490084985836,0.6940509915014165,0.4857142857142857,0.22040816326530613,0.30612244897959184,0.42209631728045327,0.5779036827195467,0.4411764705882353,0.21568627450980393,0.28431372549019607,0.509915014164306,0.49008498583569404,0.3930635838150289,0.19653179190751446,0.2543352601156069,0.6005665722379604,0.39943342776203966,0.3333333333333333,0.15602836879432624,0.20567375886524822
2026-07-02,553,0.6045840824221617,546,0.9873417721518988,0.4542124542124542,0.4484629294755877,0.7251356238698011,0.8354430379746836,0.16455696202531644,248,401,153,0.7344322344322345,462,61,0.8461538461538461,91,0.15913200723327306,0.840867992766727,0.4881720430107527,0.2709677419354839,0.3655913978494624,0.26763110307414106,0.7323688969258589,0.44938271604938274,0.25925925925925924,0.345679012345679,0.37613019891500904,0.6238698010849909,0.4144927536231884,0.23768115942028986,0.3101449275362319,0.49909584086799275,0.5009041591320073,0.36462093862815886,0.21660649819494585,0.2851985559566787,0.5949367088607594,0.4050632911392405,0.29017857142857145,0.17410714285714285,0.22321428571428573
2026-07-07,913,0.6350315965769194,909,0.9956188389923329,0.44774477447744776,0.4457831325301205,0.7294633077765608,0.8510405257393209,0.14895947426067907,407,666,259,0.7326732673267327,777,111,0.8547854785478548,136,0.12048192771084337,0.8795180722891566,0.5155666251556662,0.28268991282689915,0.3960149439601494,0.22453450164293537,0.7754654983570646,0.4788135593220339,0.2782485875706215,0.3799435028248588,0.3493975903614458,0.6506024096385542,0.45791245791245794,0.27441077441077444,0.37542087542087543,0.4403066812705367,0.5596933187294633,0.4227005870841487,0.2446183953033268,0.3424657534246575,0.5498357064622125,0.45016429353778753,0.3844282238442822,0.21654501216545013,0.30170316301703165
2026-07-08,259,0.5985205334298399,258,0.9961389961389961,0.49224806201550386,0.49034749034749037,0.7065637065637066,0.8146718146718147,0.18532818532818532,127,183,56,0.7093023255813954,211,28,0.8178294573643411,48,0.16602316602316602,0.833976833976834,0.44907407407407407,0.2175925925925926,0.3101851851851852,0.277992277992278,0.722007722007722,0.39572192513368987,0.1925133689839572,0.28342245989304815,0.37065637065637064,0.6293436293436293,0.3619631901840491,0.17791411042944785,0.25766871165644173,0.4942084942084942,0.5057915057915058,0.3435114503816794,0.15267175572519084,0.2366412213740458,0.5907335907335908,0.4092664092664093,0.32075471698113206,0.16037735849056603,0.22641509433962265
2026-07-09,488,0.6325746852843488,486,0.9959016393442623,0.4711934156378601,0.4692622950819672,0.7745901639344263,0.875,0.125,229,378,149,0.7777777777777778,427,49,0.8786008230452675,61,0.12704918032786885,0.8729508196721312,0.49061032863849763,0.3192488262910798,0.40375586854460094,0.24180327868852458,0.7581967213114754,0.4486486486486487,0.2918918918918919,0.372972972972973,0.3422131147540984,0.6577868852459017,0.4205607476635514,0.27102803738317754,0.35514018691588783,0.4344262295081967,0.5655737704918032,0.3804347826086957,0.2246376811594203,0.31521739130434784,0.5819672131147541,0.4180327868852459,0.2696078431372549,0.14215686274509803,0.2107843137254902
2026-07-14,961,0.5737017162539584,953,0.991675338189386,0.45855194123819515,0.4547346514047867,0.7200832466181062,0.8335067637877211,0.16649323621227888,437,692,255,0.7261280167890871,801,109,0.8405036726128017,160,0.18938605619146723,0.8106139438085328,0.48010269576379977,0.2644415917843389,0.35301668806161746,0.30697190426638915,0.6930280957336108,0.43993993993993996,0.24924924924924924,0.3303303303303303,0.4297606659729448,0.5702393340270552,0.39963503649635035,0.23357664233576642,0.3083941605839416,0.5411030176899063,0.4588969823100936,0.36054421768707484,0.21768707482993196,0.2811791383219955,0.6368366285119667,0.3631633714880333,0.31805157593123207,0.17765042979942694,0.23782234957020057
2026-07-15,446,0.6508799082027422,438,0.9820627802690582,0.5799086757990868,0.5695067264573991,0.7982062780269058,0.8497757847533632,0.15022421524663676,254,356,102,0.8127853881278538,379,23,0.865296803652968,67,0.13452914798206278,0.8654708520179372,0.37305699481865284,0.23316062176165803,0.266839378238342,0.23766816143497757,0.7623318385650224,0.31470588235294117,0.2235294117647059,0.2529411764705882,0.336322869955157,0.6636771300448431,0.27364864864864863,0.20270270270270271,0.22297297297297297,0.45964125560538116,0.5403587443946188,0.1950207468879668,0.13692946058091288,0.15352697095435686,0.5224215246636771,0.47757847533632286,0.1784037558685446,0.1267605633802817,0.14553990610328638
2026-07-16,625,0.6946122678518295,622,0.9952,0.5868167202572347,0.584,0.768,0.864,0.136,365,480,115,0.7717041800643086,540,60,0.8681672025723473,85,0.0848,0.9152,0.3776223776223776,0.18006993006993008,0.263986013986014,0.1808,0.8192,0.341796875,0.158203125,0.23046875,0.2576,0.7424,0.3081896551724138,0.14224137931034483,0.21120689655172414,0.3472,0.6528,0.27205882352941174,0.125,0.18627450980392157,0.4496,0.5504,0.2238372093023256,0.10465116279069768,0.15406976744186046
2026-07-28,4313,0.6385660525864828,4264,0.9886389983769998,0.4807692307692308,0.47530721075817295,0.7424066774866682,0.8562485508926502,0.14375144910734988,2050,3202,1152,0.75093808630394,3693,491,0.8660881801125704,620,0.1293763041966149,0.8706236958033852,0.48255659121171773,0.2625832223701731,0.36617842876165113,0.22791560398794342,0.7720843960120566,0.44744744744744747,0.24444444444444444,0.3396396396396396,0.34222119174588456,0.6577788082541155,0.4081776524497709,0.2266478674656327,0.3137116672541417,0.4458613494087642,0.5541386505912358,0.3677824267782427,0.2096234309623431,0.2820083682008368,0.5383723626246232,0.46162763737537676,0.3279758915118031,0.19136112506278252,0.25213460572576596
2026-09-07,3957,0.6354904665287122,3910,0.9881223148850139,0.4846547314578005,0.4788981551680566,0.7303512762193581,0.8344705585039172,0.1655294414960829,1895,2890,995,0.7391304347826086,3302,412,0.8445012787723786,655,0.1352034369471822,0.8647965630528178,0.4722384570426651,0.24225599064874342,0.33664523670368207,0.24387161991407633,0.7561283800859236,0.43482620320855614,0.23128342245989306,0.3161764705882353,0.35784685367702807,0.6421531463229719,0.38961038961038963,0.20464384100747737,0.2805981896890988,0.4513520343694718,0.5486479656305282,0.34546292031321973,0.1759557807461999,0.24596959926301243,0.5403083143795805,0.4596916856204195,0.29466739967014843,0.14183617372182517,0.2045079714128642
2026-09-16,1180,0.6554554866216445,1172,0.9932203389830508,0.5110921501706485,0.5076271186440678,0.7584745762711864,0.847457627118644,0.15254237288135594,599,895,296,0.7636518771331058,1000,105,0.8532423208191127,180,0.13050847457627118,0.8694915254237288,0.44541910331384016,0.23489278752436646,0.31968810916179335,0.21525423728813559,0.7847457627118644,0.4060475161987041,0.21058315334773217,0.29049676025917925,0.3220338983050847,0.6779661016949152,0.3625,0.1875,0.26625,0.42033898305084744,0.5796610169491525,0.31432748538011696,0.15497076023391812,0.2236842105263158,0.5016949152542373,0.49830508474576274,0.27721088435374147,0.1360544217687075,0.1989795918367347
2026-09-17,340,0.6441512252587606,338,0.9941176470588236,0.5591715976331361,0.5558823529411765,0.7647058823529411,0.8588235294117647,0.1411764705882353,189,260,71,0.7692307692307693,292,32,0.863905325443787,48,0.1264705882352941,0.8735294117647059,0.39730639730639733,0.2053872053872054,0.2962962962962963,0.22941176470588234,0.7705882352941177,0.3435114503816794,0.1717557251908397,0.25190839694656486,0.31470588235294117,0.6852941176470588,0.30042918454935624,0.1459227467811159,0.22317596566523606,0.4294117647058823,0.5705882352941176,0.26804123711340205,0.13917525773195877,0.20618556701030927,0.5088235294117647,0.49117647058823527,0.23952095808383234,0.12574850299401197,0.19161676646706588
